{
  "links": {
    "build": "https://travis.schibsted.io/finn/min-finn-delt-liste",
    "repository": "https://github.schibsted.io/finn/min-finn-delt-liste",
    "pipeline": "https://pipeline.finntech.no/projects/min-finn-delt-liste"
  },
  "tasks": {
    "default": [
      {
        "command": "npm ci"
      },
      {
        "command": "npm run build"
      }
    ],
    "podlet-card-delt-liste-deploy": [
      {
        "command": "npm i && npm run build && npm run release && fiaas_deploy min-finn-delt-liste",
        "pipelines": [
          {
            "name": "min-finn-delt-liste",
            "type": "docker",
            "pattern": "UPLOADED DOCKER IMAGE (.+/.+:.+)",
            "related-artifacts": [
              {
                "type": "fiaas",
                "pattern": "Published fiaas.yml for min-finn-delt-liste to (https://.*min-finn-delt-liste.*\\.yml)"
              }
            ]
          }
        ]
      }
    ]
  }
}
