{
  "links": {
    "build": "https://travis.schibsted.io/finn/summer-fav-backend",
    "repository": "https://github.schibsted.io/finn/summer-fav-backend",
    "pipeline": "http://pipeline.finntech.no/projects/summer-fav-backend"
  },
  "tasks": {
    "default": [
      {
        "command": "sbt validate"
      }
    ],
    "deploy": [
      {
        "command": "sbt validate dockerDeployPublish",
        "pipelines": [
          {
            "name": "summer-fav-backend",
            "type": "docker",
            "pattern": "UPLOADED DOCKER IMAGE (containers.*summer-fav-backend.*)",
            "related-artifacts": [
              {
                "type": "fiaas",
                "pattern": "Published.*(https.*summer-fav-backend.*fiaas.*yml)"
              }
            ]
          }
        ]
      }
    ]
  }
}
