{
  "links": {
    "build": "https://travis.schibsted.io/finn/summer2022-favorite-podlet",
    "repository": "https://github.schibsted.io/finn/summer2022-favorite-podlet",
    "pipeline": "https://pipeline.finntech.no/projects/summer2022-favorite-podlet"
  },
  "versions": {
    "mvn": "3",
    "node": "12"
  },
  "tasks": {
    "default": [
      {
        "command": "npm install"
      },
      {
        "command": "npm run build"
      }
    ],
    "deploy": [
      {
        "command": "npm install"
      },
      {
        "command": "npm run build"
      },
      { "command": "npx semantic-release" },
      {
        "command": "fiaas_deploy summer2022-favorite-podlet",
        "pipelines": [
          {
            "name": "summer2022-favorite-podlet",
            "type": "docker",
            "pattern": "UPLOADED DOCKER IMAGE (.+/.+:.+)",
            "related-artifacts": [
              {
                "type": "fiaas",
                "pattern": "Published.*(http.*-fiaas-.*\\.yml)"
              }
            ]
          }
        ]
      }
    ]
  }
}
