{
  "ads": [
    {
      "id": 1,
      "title": "Leilighet",
      "description": "Stilfull og gjennomgående 3-roms m/balkong. Oppusset i 2019. Inkl. bl.a. vv/fyring.",
      "subtitle": "Til salgs",
      "info": "hello",
      "location": "Oslo",
      "image": "https://source.unsplash.com/random/400x400",
      "status": "Aktiv"
    },
    {
      "id": 1,
      "title": "Gammel hest",
      "description": "En veldig gammel og snill hest.",
      "subtitle": "Til salgs",
      "info": "hello",
      "location": "Hardanger",
      "image": "https://erikstenvik.files.wordpress.com/2015/04/5381447644_7d9d6e60d5_z.jpg",
      "status": "Solgt"
    },
    {
      "id": 1,
      "title": "Hund",
      "description": "Gammel hund.",
      "subtitle": "Gis bort",
      "info": "hello",
      "location": "Stavanger",
      "image": "https://source.unsplash.com/random/400x400",
      "status": "Slettet"
    },
    {
      "id": 1,
      "title": "Katt",
      "description": "Gammel katt",
      "subtitle": "Til salgs",
      "info": "hello",
      "location": "Bergen",
      "image": "https://source.unsplash.com/random/400x400",
      "status": "Frist utløpt"
    },
    {
      "id": 1,
      "title": "Geit",
      "description": "Gammel geit",
      "subtitle": "Til salgs",
      "info": "hello",
      "location": "Alta",
      "image": "https://source.unsplash.com/random/400x400",
      "status": "Ukjent annonsetype"
    }

  ],
  "title": "Vilde sin liste",
  "id": 1
}
