{
  "links": {
    "build": "https://travis.schibsted.io/finn/summer2022-frontend",
    "repository": "https://github.schibsted.io/finn/summer2022-frontend",
    "pipeline": "https://pipeline.finntech.no/projects/summer2022-frontend"
  },
  "tasks": {
    "default": [
      {
        "command": "npm install"
      },
      {
        "command": "npm run build"
      },
      {
        "command": "npm test -i"
      },
      {
        "command": "npm run lint"
      }
    ],
    "deploy": [
      {
        "command": "npm install"
      },
      {
        "command": "npm run build"
      },
      {
        "command": "npm test -i"
      },
      {
        "command": "npm run lint"
      },
      {
        "command": "npx semantic-release"
      },
      {
        "command": "fiaas_deploy summer2022-frontend",
        "pipelines": [
          {
            "name": "summer2022-frontend",
            "type": "docker",
            "pattern": "UPLOADED DOCKER IMAGE (.+/.+:.+)",
            "related-artifacts": [
              {
                "type": "fiaas",
                "pattern": "Published.*(http.*-fiaas-.*\\.yml)"
              }
            ]
          }
        ]
      }
    ]
  }
}