<?xml version="1.0" encoding="UTF-8"?>
<Configuration packages="no.finntech.commons.logging">
  <!-- https://github.schibsted.io/finn/monolib/blob/master/src/changes/migration/use-commons-logging.md -->
  <Appenders>
    <FINNPrometheusAppender />
    <FINNAppender />
  </Appenders>
  <Loggers>
    <!-- Fine-tune loggers here -->
    <logger name="no.finntech.pf" level="info" />
    <Root level="warn">
      <AppenderRef ref="FINNPrometheusAppender"/>
      <AppenderRef ref="FINNAppender"/>
    </Root>
  </Loggers>
</Configuration>